machine,3,_string_append_bytes,_mapI,_struct_append,_string_append_unsafe_Pointer,_string_compare1,_mapX,_string_append_bytes_Buffer,_string_append_strings_Builder,_string_append1,_string_append_bytes_maxLength,_string_append_strings_Join,_string_append_unsafe_String,_string_append_strings_Builder0,_mapS,_string_compare2,_pointer_append,
FarOut,430058.000000,3376125.000000,706782160.000000,40303.000000,,177849.000000,2425885.000000,250768735.000000,,592514.000000,1.888000,272713554.000000,1197276.000000,1049335.000000,16319565418.000000,688511.000000,12411442.000000,
chicxulub,331041.000000,425857.000000,3049389917.000000,146991.000000,3158334.000000,112190.000000,772741.000000,106607396.000000,21618.000000,30094.000000,,498826.000000,53061966.000000,11740.000000,311414.000000,1.951000,60071069.000000,
oort,106236.000000,999403.000000,104497320.000000,15604.000000,33497.000000,,447932.000000,52660838.000000,20821.000000,175719.000000,1.000000,72315675.000000,440292.000000,451360.000000,3148093000.000000,170513.000000,3428136.000000,
raspi3,150346132104.000000,20796941.000000,94606727.000000,17982077.000000,43960814.000000,3747075790.000000,2707119.000000,,971758.000000,37571968.000000,2549016780.000000,,19521102.000000,68.870000,3098359940.000000,28046142.000000,23808867.000000,
